Game;Time;Players;Date;Clip
Minecraft (Cripplecraft);1h 55m 39s;Joep, Ralph, Luuk, Roan;27/Oct/24;https://youtu.be/dQw4w9WgXcQ?si=ji0l3MM7eidWCGfv
Minecraft;1h 17m 21s;Joep, Ralph, Luuk, Roan;27/Oct/24;
Minecraft;1h 20m;Joep, Micha, Ralph;08/Nov/23;
Minecraft;45m 54s;Joep, Luuk, Ralph;12/Nov/23;
Minecraft;1h 03m 17s;Joep, Ralph;12/Nov/23;
Minecraft;1h 00m 27s;Joep, Micha, Ralph;12/Nov/23;
Minecraft (No Jumping + Sprinting) [Cripplecraft];1h 58m 38s;Joep, Luuk, Ralph;13/Nov/23;
Minecraft (Upside Down);2h 19m 30s;Joep, Luuk, Micha, Ralph;14/Nov/23;
Minecraft (Upside Down + Cripplecraft);3h 35m 59s;Joep, Luuk, Micha, Ralph;18/Nov/23;
Minecraft;49m 43s;Joep, Luuk, Micha, Ralph;26/Nov/23;
